,P12S,A16T,L19F,D36N,L49F,E61K,S80F,E108K,V117I,R118K,V182I,G194S,E195K,D207N,D250N,G251S,G263R,S264N,E270K,R273K,E277K,IC50,PredIC50
AZT-08,0,0,0,0,0,0,0,0,1,0,0,0,0,0,0,0,0,0,0,0,0,19.1657,-2.1767
AZT-09,0,0,0,0,0,1,0,0,0,0,0,0,0,1,0,0,0,0,0,1,0,20.2169,-1.1255
AZT-10,0,0,0,0,0,0,0,0,0,0,0,0,0,0,1,0,0,0,0,0,0,5.8903,-11.4182
AZT-11,0,0,0,0,0,0,0,1,0,1,0,0,1,0,0,0,0,0,0,0,0,3.2162,-14.0923
AZT-13,0,0,0,0,0,0,0,0,0,0,0,0,0,0,0,1,0,0,0,0,0,5.4023,-11.9062
AZT-14,0,0,0,0,1,0,0,0,0,0,0,0,0,1,0,0,1,0,1,0,0,15.3313,4.3953
AZT-16,0,1,0,0,0,0,0,0,0,0,0,0,0,0,0,0,0,0,0,0,0,1.8843,-15.4242
AZT-17,0,0,0,0,0,0,0,1,0,0,0,0,0,0,0,0,0,0,0,0,0,2.1557,-15.1528
AZT-18,0,0,0,0,0,1,0,0,0,0,0,0,0,0,0,0,0,0,0,1,0,5.4249,-11.8836
AZT-19,0,0,0,0,0,1,0,0,0,0,0,0,0,0,0,0,0,0,0,0,0,5.0415,-5.5489
AZT-02,1,0,0,0,0,0,0,0,0,0,0,0,0,0,0,0,0,0,0,0,0,1.8884,-15.4201
AZT-20,0,0,0,1,0,0,1,0,0,0,0,0,0,0,0,0,0,1,0,0,1,120.0359,98.6935
AZT-28,0,0,1,0,0,0,0,0,0,0,0,0,0,0,0,0,0,0,0,0,0,9.9966,-7.3119
AZT-31,0,0,0,1,0,0,0,0,0,0,0,0,0,0,0,0,0,0,0,0,0,92.0811,81.1451
AZT-33,0,0,0,0,0,0,0,0,0,0,0,1,0,0,0,0,0,0,0,0,0,4.3975,-12.911
AZT#,0,0,0,0,0,0,0,0,0,0,1,0,0,0,0,0,0,0,0,0,0,16.1409,5.2049
AZT-29,0,0,0,1,0,0,0,0,0,0,0,0,0,0,0,0,0,0,0,0,0,44.9218,33.9858
AZT#2,0,0,0,0,1,0,0,0,0,0,0,0,0,0,0,0,0,0,0,0,0,20.32,-1.0224
