E01;F01;G01;H01;time
0;0;0;0;10
0,190043603;0,173271721;0,405465108;0,810930216;20
0,501479761;0,532216814;0,794929875;1,386294361;30
0,749659391;0,783531242;1,098612289;1,704748092;40
1,042820929;1,033472986;1,403993938;2,1102132;50
1,222406506;1,248894492;1,665007764;2,420368129;60
1,42618569;1,464255903;1,860752341;2,691243083;70
1,561809863;1,641355515;2,114532861;2,944438979;80
1,659334884;1,750374253;2,316769728;3,188416617;90
1,780063429;1,861352761;2,410798678;3,375879574;100
1,85920075;1,96123612;2,537092403;3,518980417;110
1,997701658;2,05896301;2,664247578;3,63758616;120
2,110917674;2,188174742;2,772588722;3,761200116;130
2,212609496;2,277960046;2,882403588;3,855452654;140
2,325574611;2,410105437;3,006389568;3,96081317;150
2,367850094;2,464428118;3,107145861;4,056123349;160
2,441335401;2,546061073;3,186942778;4,185859671;170
2,488775127;2,607682207;3,279836525;4,293878248;180
2,504101097;2,658178371;3,391627931;4,424846632;190
2,570301734;2,697180529;3,42705076;4,465908119;200
2,601827988;2,722361715;3,438584914;4,540631665;210
2,62736129;2,752110191;3,48343548;4,600157644;220
2,689270306;2,800900355;3,530553403;4,651576559;230
2,766757802;2,881321922;3,624340933;4,729597764;240
2,804064854;2,935867498;3,699536749;4,766438334;250
2,850840919;2,965551656;3,749504076;4,822295665;260
2,887784434;2,988952587;3,77603963;4,895972386;270
2,915883346;3,045808612;3,817712326;4,954064943;280
2,938300224;3,069936766;3,866726731;5,003946306;290
2,963833526;3,092270201;3,881563798;5,035327907;300
2,982859071;3,109302242;3,919140473;5,086051933;310
2,998055155;3,121292794;3,92620764;5,104429173;320
3,032266017;3,164448178;3,968943296;5,153291594;330
3,044522438;3,174669732;3,971638715;5,176149733;340
3,076132699;3,202526687;4,007333185;5,198497031;350
3,081483167;3,203624985;4,018953716;5,220355825;360
3,103647662;3,24343659;4,057976918;5,249652195;370
3,121237355;3,252885479;4,067805007;5,263984687;380
3,110927986;3,248696991;4,079955825;5,276838335;390
3,132456239;3,267408556;4,10617902;5,300814247;400
3,158483734;3,284764785;4,121357361;5,325446034;410
3,173197094;3,305797108;4,138589264;5,338739281;420
3,18095659;3,313694483;4,143134726;5,354224998;430
3,18095659;3,317619906;4,158883083;5,357764825;440
3,199147613;3,339896856;4,17108512;5,382198851;450
3,192484095;3,340854252;4,189654742;5,378744616;460
3,20009593;3,345627531;4,196127257;5,395897695;470
3,216081226;3,362625107;4,210008953;5,410529357;480
3,240045506;3,377495269;4,237207282;5,444579874;490
3,238222352;3,371016765;4,244405257;5,449964916;500
3,257201683;3,388504555;4,252568567;5,456388921;510
3,283705001;3,416396601;4,257637002;5,475416979;520
3,275827499;3,426988051;4,261673334;5,48272009;530
3,295836866;3,434858664;4,267697449;5,489970251;540
3,291520934;3,438336929;4,26969745;5,487904134;550
3,283705001;3,431368259;4,264689928;5,49614311;560
3,271424145;3,430493751;4,262679877;5,48583374;570
3,313763082;3,44093771;4,279637889;5,497168225;580
3,298417513;3,44093771;4,26969745;5,486869473;590
3,305266854;3,439204608;4,275673563;5,495116943;600
3,294112728;3,439204608;4,268697949;5,494089721;610
3,294975168;3,429618478;4,266695947;5,49100171;620
3,285447162;3,426988051;4,270695952;5,492032107;630
3,294112728;3,438336929;4,263685408;5,497168225;640
3,284576461;3,423470017;4,254599025;5,476463552;650
3,300134251;3,434858664;4,271693458;5,49100171;660
3,248208817;3,421706348;4,242353974;5,486869473;670
3,283705001;3,415508896;4,244405257;5,476463552;680
3,294975168;3,425230581;4,259657205;5,47750903;690
3,267001316;3,412841042;4,250533979;5,470167623;700
3,252715359;3,416396601;4,254599025;5,48583374;710
3,279336275;3,417283519;4,254599025;5,47750903;720
3,277583426;3,40658823;4,243380141;5,463831805;730
3,250013872;3,414620402;4,244405257;5,468060141;740
3,260776307;3,412841042;4,237207282;5,467004732;750
3,267887448;3,419939563;4,25561271;5,464890566;760
3,281086056;3,422588572;4,24645234;5,463831805;770
3,275827499;3,402097877;4,238238742;5,461710913;780
3,266114398;3,400296075;4,236174758;5,457455588;790
3,251815674;3,399393955;4,229957121;5,451038454;800
3,255409568;3,40658823;4,230996082;5,444579874;810
3,244588904;3,393056224;4,234106505;5,444579874;820
3,256306027;3,411950173;4,240298475;5,446737372;830
3,255409568;3,407483886;4,230996082;5,442417711;840
3,274948378;3,413731118;4,230996082;5,446737372;850
3,260776307;3,392147546;4,226833745;5,436991761;860
3,253614236;3,38667807;4,208947945;5,442417711;870
3,251815674;3,39849102;4,219507705;5,426050733;880
3,252715359;3,404794508;4,230996082;5,43153621;890
3,256306027;3,402097877;4,237207282;5,442417711;900
3,248208817;3,397587269;4,223700583;5,420534999;910
3,240955839;3,394871107;4,226833745;5,424950017;920
3,23364987;3,379338588;4,20788581;5,413875707;930
3,235481372;3,389416548;4,216351469;5,418320159;940
3,212342904;3,38209721;4,215297173;5,413875707;950
3,234566041;3,378417353;4,210008953;5,412761501;960
3,243681874;3,381178515;4,206822546;5,410529357;970
3,22258985;3,374723905;4,213185239;5,402677382;980
3,217945159;3,363560998;4,208947945;5,406050066;990
3,239134345;3,375648547;4,200419109;5,397030839;1000
3,239134345;3,363560998;4,206822546;5,404927102;1010
3,221662636;3,366363429;4,203625953;5,38907173;1020
3,23364987;3,372872053;4,199347871;5,394763265;1030
3,224441702;3,36729583;4,192896236;5,391352233;1040
3,217945159;3,366363429;4,200419109;5,381048764;1050
3,229976771;3,371016765;4,206822546;5,384495063;1060
3,227213066;3,374723905;4,212127598;5,392490537;1070
3,22258985;3,368227362;4,206822546;5,384495063;1080
3,215147955;3,369158028;4,197201948;5,376435146;1090
3,231815007;3,379338588;4,203625953;5,379897354;1100
3,230896312;3,364496015;4,193974403;5,37412033;1110
3,213278795;3,358872757;4,191816905;5,371800143;1120
3,212342904;3,361688339;4,183140061;5,370638028;1130
3,207650263;3,364496015;4,198275485;5,362465186;1140
3,190572049;3,344674696;4,184228793;5,357764825;1150
3,20198987;3,350378133;4,183140061;5,354224998;1160
3,201043349;3,344674696;4,188571905;5,356586275;1170
3,185775876;3,338938542;4,162225705;5,357764825;1180
3,201043349;3,336058079;4,178773242;5,342334252;1190
3,20198987;3,344674696;4,16555719;5,341137364;1200
3,185775876;3,337019156;4,17658266;5,339939041;1210
3,185775876;3,339896856;4,173287765;5,329089025;1220
3,196297255;3,344674696;4,17438727;5,330300412;1230
3,198198396;3,338938542;4,173287765;5,332718793;1240
3,171247776;3,334133151;4,161112739;5,320567975;1250
3,17027169;3,323479297;4,161112739;5,319344734;1260
3,17417033;3,342766298;4,154408803;5,320567975;1270
